,scenario,Accuracy_fold_1,Accuracy_fold_2,accuracy_fold_3
0,full_data_lr1,0.9088372093023256,0.0,0.0
1,full_data_lr2,0.9237209302325582,0.0,0.0
2,full_data_lr3,0.9125581395348837,0.0,0.0
3,full_data_lr4,0.9162790697674419,0.0,0.0
4,full_few_shot_best_lr,0.8316279069767442,0.017674418604651163,0.06790697674418604
5,Augmented_best_lr,0.8344186046511628,0.6737918215613383,0.045581395348837206
