,scenario,Accuracy_fold_1,Accuracy_fold_2,accuracy_fold_3
0,full_data_lr1,0.8094795539033457,0.0,0.0
1,full_data_lr2,0.8085501858736059,0.0,0.0
2,full_data_lr3,0.800185873605948,0.0,0.0
3,full_data_lr4,0.8020446096654275,0.0,0.0
4,full_few_shot_best_lr,0.03438661710037175,0.662639405204461,0.04368029739776952
5,Augmented_best_lr,0.6524163568773235,0.6737918215613383,0.0362453531598513
